strategy,avg_return
Low Default Prob,0.07599999999999998
High Predicted Return,0.06999999999999998
Random,0.021999999999999992
