strategy,realized_total,downside_p5
QP(lam=0.00524),0.03420485362377107,0.35086271963154075
QP(lam=0.0108),0.03420485362377107,0.35086271963154075
QP(lam=0.0224),0.03420485362377107,0.35086271963154075
QP(lam=0.0462),0.03420485362377107,0.35086271963154075
QP(lam=0.0953),0.03420485362377107,0.35086271963154075
QP(lam=0.197),0.03420485362377107,0.35086271963154075
QP(lam=0.406),0.03420485362377107,0.35086271963154075
QP(lam=0.839),0.03420485362377107,0.35086271963154075
LP,1.8974856014127406,8.94520024172304
