stage,realized_total
Naive,2.535956977310168
Budget,2.535956977310168
Budget+Risk,1.8974856014127406
Budget+Risk+Grade,1.8974856014127406
